Series Name,Series Code,Country Name,Country Code,2020 [YR2020]
Adjusted net national income per capita (current US$),NY.ADJ.NNTY.PC.CD,Afghanistan,AFG,475.084737273174
Adjusted net national income per capita (current US$),NY.ADJ.NNTY.PC.CD,Albania,ALB,4208.45661142323
Adjusted net national income per capita (current US$),NY.ADJ.NNTY.PC.CD,Algeria,DZA,2760.23351004454
Adjusted net national income per capita (current US$),NY.ADJ.NNTY.PC.CD,American Samoa,ASM,..
Adjusted net national income per capita (current US$),NY.ADJ.NNTY.PC.CD,Andorra,AND,..
Adjusted net national income per capita (current US$),NY.ADJ.NNTY.PC.CD,Angola,AGO,1103.9087975047
Adjusted net national income per capita (current US$),NY.ADJ.NNTY.PC.CD,Antigua and Barbuda,ATG,..
Adjusted net national income per capita (current US$),NY.ADJ.NNTY.PC.CD,Argentina,ARG,7211.95593299884
Adjusted net national income per capita (current US$),NY.ADJ.NNTY.PC.CD,Armenia,ARM,3811.23353136187
Adjusted net national income per capita (current US$),NY.ADJ.NNTY.PC.CD,Aruba,ABW,..
Adjusted net national income per capita (current US$),NY.ADJ.NNTY.PC.CD,Australia,AUS,40200.5791834479
Adjusted net national income per capita (current US$),NY.ADJ.NNTY.PC.CD,Austria,AUT,38848.2014876238
Adjusted net national income per capita (current US$),NY.ADJ.NNTY.PC.CD,Azerbaijan,AZE,3489.80508828885
Adjusted net national income per capita (current US$),NY.ADJ.NNTY.PC.CD,"Bahamas, The",BHS,21675.9219875718
Adjusted net national income per capita (current US$),NY.ADJ.NNTY.PC.CD,Bahrain,BHR,17763.5445557452
Adjusted net national income per capita (current US$),NY.ADJ.NNTY.PC.CD,Bangladesh,BGD,1999.4310690507
Adjusted net national income per capita (current US$),NY.ADJ.NNTY.PC.CD,Barbados,BRB,13312.7308787278
Adjusted net national income per capita (current US$),NY.ADJ.NNTY.PC.CD,Belarus,BLR,5148.3229130713
Adjusted net national income per capita (current US$),NY.ADJ.NNTY.PC.CD,Belgium,BEL,36508.5647515969
Adjusted net national income per capita (current US$),NY.ADJ.NNTY.PC.CD,Belize,BLZ,3241.7338416266
Adjusted net national income per capita (current US$),NY.ADJ.NNTY.PC.CD,Benin,BEN,1086.79087871315
Adjusted net national income per capita (current US$),NY.ADJ.NNTY.PC.CD,Bermuda,BMU,..
Adjusted net national income per capita (current US$),NY.ADJ.NNTY.PC.CD,Bhutan,BTN,2479.7015828726
Adjusted net national income per capita (current US$),NY.ADJ.NNTY.PC.CD,Bolivia,BOL,2617.57145435273
Adjusted net national income per capita (current US$),NY.ADJ.NNTY.PC.CD,Bosnia and Herzegovina,BIH,5001.96358327119
Adjusted net national income per capita (current US$),NY.ADJ.NNTY.PC.CD,Botswana,BWA,4631.99808548316
Adjusted net national income per capita (current US$),NY.ADJ.NNTY.PC.CD,Brazil,BRA,5783.81470165707
Adjusted net national income per capita (current US$),NY.ADJ.NNTY.PC.CD,British Virgin Islands,VGB,..
Adjusted net national income per capita (current US$),NY.ADJ.NNTY.PC.CD,Brunei Darussalam,BRN,22117.91387611
Adjusted net national income per capita (current US$),NY.ADJ.NNTY.PC.CD,Bulgaria,BGR,8440.09964865379
Adjusted net national income per capita (current US$),NY.ADJ.NNTY.PC.CD,Burkina Faso,BFA,681.313713486333
Adjusted net national income per capita (current US$),NY.ADJ.NNTY.PC.CD,Burundi,BDI,168.889034250145
Adjusted net national income per capita (current US$),NY.ADJ.NNTY.PC.CD,Cabo Verde,CPV,2469.55374708261
Adjusted net national income per capita (current US$),NY.ADJ.NNTY.PC.CD,Cambodia,KHM,1345.69588583798
Adjusted net national income per capita (current US$),NY.ADJ.NNTY.PC.CD,Cameroon,CMR,1271.84749444699
Adjusted net national income per capita (current US$),NY.ADJ.NNTY.PC.CD,Canada,CAN,35025.272804657
Adjusted net national income per capita (current US$),NY.ADJ.NNTY.PC.CD,Cayman Islands,CYM,..
Adjusted net national income per capita (current US$),NY.ADJ.NNTY.PC.CD,Central African Republic,CAF,362.392130505409
Adjusted net national income per capita (current US$),NY.ADJ.NNTY.PC.CD,Chad,TCD,451.047648586512
Adjusted net national income per capita (current US$),NY.ADJ.NNTY.PC.CD,Channel Islands,CHI,..
Adjusted net national income per capita (current US$),NY.ADJ.NNTY.PC.CD,Chile,CHL,10252.9695885832
Adjusted net national income per capita (current US$),NY.ADJ.NNTY.PC.CD,China,CHN,7572.28183087988
Adjusted net national income per capita (current US$),NY.ADJ.NNTY.PC.CD,Colombia,COL,4464.96340921508
Adjusted net national income per capita (current US$),NY.ADJ.NNTY.PC.CD,Comoros,COM,1376.10753851977
Adjusted net national income per capita (current US$),NY.ADJ.NNTY.PC.CD,"Congo, Dem. Rep.",COD,416.71038226065
Adjusted net national income per capita (current US$),NY.ADJ.NNTY.PC.CD,"Congo, Rep.",COG,689.001676691514
Adjusted net national income per capita (current US$),NY.ADJ.NNTY.PC.CD,Costa Rica,CRI,10639.8790489319
Adjusted net national income per capita (current US$),NY.ADJ.NNTY.PC.CD,Cote d'Ivoire,CIV,2135.75058099197
Adjusted net national income per capita (current US$),NY.ADJ.NNTY.PC.CD,Croatia,HRV,12132.9220956216
Adjusted net national income per capita (current US$),NY.ADJ.NNTY.PC.CD,Cuba,CUB,..
Adjusted net national income per capita (current US$),NY.ADJ.NNTY.PC.CD,Curacao,CUW,..
Adjusted net national income per capita (current US$),NY.ADJ.NNTY.PC.CD,Cyprus,CYP,22557.130859375
Adjusted net national income per capita (current US$),NY.ADJ.NNTY.PC.CD,Czechia,CZE,17172.9272011104
Adjusted net national income per capita (current US$),NY.ADJ.NNTY.PC.CD,Denmark,DNK,52666.348965617
Adjusted net national income per capita (current US$),NY.ADJ.NNTY.PC.CD,Djibouti,DJI,2680.14544280191
Adjusted net national income per capita (current US$),NY.ADJ.NNTY.PC.CD,Dominica,DMA,6112.1445384736
Adjusted net national income per capita (current US$),NY.ADJ.NNTY.PC.CD,Dominican Republic,DOM,6310.52442705851
Adjusted net national income per capita (current US$),NY.ADJ.NNTY.PC.CD,Ecuador,ECU,4197.13098787097
Adjusted net national income per capita (current US$),NY.ADJ.NNTY.PC.CD,"Egypt, Arab Rep.",EGY,3022.16043367721
Adjusted net national income per capita (current US$),NY.ADJ.NNTY.PC.CD,El Salvador,SLV,3128.23044783046
Adjusted net national income per capita (current US$),NY.ADJ.NNTY.PC.CD,Equatorial Guinea,GNQ,2799.75012401373
Adjusted net national income per capita (current US$),NY.ADJ.NNTY.PC.CD,Eritrea,ERI,..
Adjusted net national income per capita (current US$),NY.ADJ.NNTY.PC.CD,Estonia,EST,19403.4408331436
Adjusted net national income per capita (current US$),NY.ADJ.NNTY.PC.CD,Eswatini,SWZ,2486.59942154951
Adjusted net national income per capita (current US$),NY.ADJ.NNTY.PC.CD,Ethiopia,ETH,792.363209790003
Adjusted net national income per capita (current US$),NY.ADJ.NNTY.PC.CD,Faroe Islands,FRO,..
Adjusted net national income per capita (current US$),NY.ADJ.NNTY.PC.CD,Fiji,FJI,3948.27892924955
Adjusted net national income per capita (current US$),NY.ADJ.NNTY.PC.CD,Finland,FIN,39966.4068264468
Adjusted net national income per capita (current US$),NY.ADJ.NNTY.PC.CD,France,FRA,31681.8846184651
Adjusted net national income per capita (current US$),NY.ADJ.NNTY.PC.CD,French Polynesia,PYF,..
Adjusted net national income per capita (current US$),NY.ADJ.NNTY.PC.CD,Gabon,GAB,4210.9567273154
Adjusted net national income per capita (current US$),NY.ADJ.NNTY.PC.CD,"Gambia, The",GMB,560.074181763834
Adjusted net national income per capita (current US$),NY.ADJ.NNTY.PC.CD,Georgia,GEO,3416.98368468215
Adjusted net national income per capita (current US$),NY.ADJ.NNTY.PC.CD,Germany,DEU,38425.6661395502
Adjusted net national income per capita (current US$),NY.ADJ.NNTY.PC.CD,Ghana,GHA,1812.00347062923
Adjusted net national income per capita (current US$),NY.ADJ.NNTY.PC.CD,Gibraltar,GIB,..
Adjusted net national income per capita (current US$),NY.ADJ.NNTY.PC.CD,Greece,GRC,14754.4081288399
Adjusted net national income per capita (current US$),NY.ADJ.NNTY.PC.CD,Greenland,GRL,..
Adjusted net national income per capita (current US$),NY.ADJ.NNTY.PC.CD,Grenada,GRD,..
Adjusted net national income per capita (current US$),NY.ADJ.NNTY.PC.CD,Guam,GUM,..
Adjusted net national income per capita (current US$),NY.ADJ.NNTY.PC.CD,Guatemala,GTM,3953.16231687617
Adjusted net national income per capita (current US$),NY.ADJ.NNTY.PC.CD,Guinea,GIN,914.992893177883
Adjusted net national income per capita (current US$),NY.ADJ.NNTY.PC.CD,Guinea-Bissau,GNB,614.060604729759
Adjusted net national income per capita (current US$),NY.ADJ.NNTY.PC.CD,Guyana,GUY,4453.96508526495
Adjusted net national income per capita (current US$),NY.ADJ.NNTY.PC.CD,Haiti,HTI,1205.06166128862
Adjusted net national income per capita (current US$),NY.ADJ.NNTY.PC.CD,Honduras,HND,2085.00710321533
Adjusted net national income per capita (current US$),NY.ADJ.NNTY.PC.CD,"Hong Kong SAR, China",HKG,..
Adjusted net national income per capita (current US$),NY.ADJ.NNTY.PC.CD,Hungary,HUN,12755.7995825262
Adjusted net national income per capita (current US$),NY.ADJ.NNTY.PC.CD,Iceland,ISL,48047.3783176536
Adjusted net national income per capita (current US$),NY.ADJ.NNTY.PC.CD,India,IND,1662.94202966414
Adjusted net national income per capita (current US$),NY.ADJ.NNTY.PC.CD,Indonesia,IDN,3110.94273123806
Adjusted net national income per capita (current US$),NY.ADJ.NNTY.PC.CD,"Iran, Islamic Rep.",IRN,1760.95109569337
Adjusted net national income per capita (current US$),NY.ADJ.NNTY.PC.CD,Iraq,IRQ,3045.58794575955
Adjusted net national income per capita (current US$),NY.ADJ.NNTY.PC.CD,Ireland,IRL,41466.8180345139
Adjusted net national income per capita (current US$),NY.ADJ.NNTY.PC.CD,Isle of Man,IMN,..
Adjusted net national income per capita (current US$),NY.ADJ.NNTY.PC.CD,Israel,ISR,37545.2387539491
Adjusted net national income per capita (current US$),NY.ADJ.NNTY.PC.CD,Italy,ITA,25986.3523253151
Adjusted net national income per capita (current US$),NY.ADJ.NNTY.PC.CD,Jamaica,JAM,4404.26860068709
Adjusted net national income per capita (current US$),NY.ADJ.NNTY.PC.CD,Japan,JPN,31210.2143161305
Adjusted net national income per capita (current US$),NY.ADJ.NNTY.PC.CD,Jordan,JOR,3793.94315782971
Adjusted net national income per capita (current US$),NY.ADJ.NNTY.PC.CD,Kazakhstan,KAZ,6705.43252691928
Adjusted net national income per capita (current US$),NY.ADJ.NNTY.PC.CD,Kenya,KEN,1594.32993101791
Adjusted net national income per capita (current US$),NY.ADJ.NNTY.PC.CD,Kiribati,KIR,2642.39753730214
Adjusted net national income per capita (current US$),NY.ADJ.NNTY.PC.CD,"Korea, Dem. People's Rep.",PRK,..
Adjusted net national income per capita (current US$),NY.ADJ.NNTY.PC.CD,"Korea, Rep.",KOR,25281.8867373399
Adjusted net national income per capita (current US$),NY.ADJ.NNTY.PC.CD,Kosovo,XKX,..
Adjusted net national income per capita (current US$),NY.ADJ.NNTY.PC.CD,Kuwait,KWT,..
Adjusted net national income per capita (current US$),NY.ADJ.NNTY.PC.CD,Kyrgyz Republic,KGZ,872.816887314727
Adjusted net national income per capita (current US$),NY.ADJ.NNTY.PC.CD,Lao PDR,LAO,1961.24363436274
Adjusted net national income per capita (current US$),NY.ADJ.NNTY.PC.CD,Latvia,LVA,13734.5426228173
Adjusted net national income per capita (current US$),NY.ADJ.NNTY.PC.CD,Lebanon,LBN,4322.87759572989
Adjusted net national income per capita (current US$),NY.ADJ.NNTY.PC.CD,Lesotho,LSO,767.312617434417
Adjusted net national income per capita (current US$),NY.ADJ.NNTY.PC.CD,Liberia,LBR,316.61823637842
Adjusted net national income per capita (current US$),NY.ADJ.NNTY.PC.CD,Libya,LBY,3639.59765994934
Adjusted net national income per capita (current US$),NY.ADJ.NNTY.PC.CD,Liechtenstein,LIE,..
Adjusted net national income per capita (current US$),NY.ADJ.NNTY.PC.CD,Lithuania,LTU,17026.2645196367
Adjusted net national income per capita (current US$),NY.ADJ.NNTY.PC.CD,Luxembourg,LUX,67966.5464752187
Adjusted net national income per capita (current US$),NY.ADJ.NNTY.PC.CD,"Macao SAR, China",MAC,..
Adjusted net national income per capita (current US$),NY.ADJ.NNTY.PC.CD,Madagascar,MDG,381.816576892372
Adjusted net national income per capita (current US$),NY.ADJ.NNTY.PC.CD,Malawi,MWI,554.246268050975
Adjusted net national income per capita (current US$),NY.ADJ.NNTY.PC.CD,Malaysia,MYS,7277.20191666399
Adjusted net national income per capita (current US$),NY.ADJ.NNTY.PC.CD,Maldives,MDV,5990.08532770623
Adjusted net national income per capita (current US$),NY.ADJ.NNTY.PC.CD,Mali,MLI,685.843275941117
Adjusted net national income per capita (current US$),NY.ADJ.NNTY.PC.CD,Malta,MLT,..
Adjusted net national income per capita (current US$),NY.ADJ.NNTY.PC.CD,Marshall Islands,MHL,..
Adjusted net national income per capita (current US$),NY.ADJ.NNTY.PC.CD,Mauritania,MRT,1568.16905372212
Adjusted net national income per capita (current US$),NY.ADJ.NNTY.PC.CD,Mauritius,MUS,8333.51000152464
Adjusted net national income per capita (current US$),NY.ADJ.NNTY.PC.CD,Mexico,MEX,6448.89807721531
Adjusted net national income per capita (current US$),NY.ADJ.NNTY.PC.CD,"Micronesia, Fed. Sts.",FSM,3785.75994022258
Adjusted net national income per capita (current US$),NY.ADJ.NNTY.PC.CD,Moldova,MDA,4087.18059818536
Adjusted net national income per capita (current US$),NY.ADJ.NNTY.PC.CD,Monaco,MCO,..
Adjusted net national income per capita (current US$),NY.ADJ.NNTY.PC.CD,Mongolia,MNG,3017.38627046307
Adjusted net national income per capita (current US$),NY.ADJ.NNTY.PC.CD,Montenegro,MNE,6966.31698159554
Adjusted net national income per capita (current US$),NY.ADJ.NNTY.PC.CD,Morocco,MAR,2687.29931640625
Adjusted net national income per capita (current US$),NY.ADJ.NNTY.PC.CD,Mozambique,MOZ,330.872841650005
Adjusted net national income per capita (current US$),NY.ADJ.NNTY.PC.CD,Myanmar,MMR,1325.53595608008
Adjusted net national income per capita (current US$),NY.ADJ.NNTY.PC.CD,Namibia,NAM,3622.76346483535
Adjusted net national income per capita (current US$),NY.ADJ.NNTY.PC.CD,Nauru,NRU,..
Adjusted net national income per capita (current US$),NY.ADJ.NNTY.PC.CD,Nepal,NPL,1077.69709664704
Adjusted net national income per capita (current US$),NY.ADJ.NNTY.PC.CD,Netherlands,NLD,42296.0224348672
Adjusted net national income per capita (current US$),NY.ADJ.NNTY.PC.CD,New Caledonia,NCL,..
Adjusted net national income per capita (current US$),NY.ADJ.NNTY.PC.CD,New Zealand,NZL,33723.5719338085
Adjusted net national income per capita (current US$),NY.ADJ.NNTY.PC.CD,Nicaragua,NIC,1635.22073511157
Adjusted net national income per capita (current US$),NY.ADJ.NNTY.PC.CD,Niger,NER,517.981654567104
Adjusted net national income per capita (current US$),NY.ADJ.NNTY.PC.CD,Nigeria,NGA,1712.1081284671
Adjusted net national income per capita (current US$),NY.ADJ.NNTY.PC.CD,North Macedonia,MKD,4853.91772923445
Adjusted net national income per capita (current US$),NY.ADJ.NNTY.PC.CD,Northern Mariana Islands,MNP,..
Adjusted net national income per capita (current US$),NY.ADJ.NNTY.PC.CD,Norway,NOR,53514.24748511
Adjusted net national income per capita (current US$),NY.ADJ.NNTY.PC.CD,Oman,OMN,..
Adjusted net national income per capita (current US$),NY.ADJ.NNTY.PC.CD,Pakistan,PAK,1069.51792501166
Adjusted net national income per capita (current US$),NY.ADJ.NNTY.PC.CD,Palau,PLW,..
Adjusted net national income per capita (current US$),NY.ADJ.NNTY.PC.CD,Panama,PAN,10930.2367835899
Adjusted net national income per capita (current US$),NY.ADJ.NNTY.PC.CD,Papua New Guinea,PNG,2102.05280965198
Adjusted net national income per capita (current US$),NY.ADJ.NNTY.PC.CD,Paraguay,PRY,4791.66658994985
Adjusted net national income per capita (current US$),NY.ADJ.NNTY.PC.CD,Peru,PER,5246.9045449616
Adjusted net national income per capita (current US$),NY.ADJ.NNTY.PC.CD,Philippines,PHL,3127.56181151564
Adjusted net national income per capita (current US$),NY.ADJ.NNTY.PC.CD,Poland,POL,13314.9333160174
Adjusted net national income per capita (current US$),NY.ADJ.NNTY.PC.CD,Portugal,PRT,17468.2513613822
Adjusted net national income per capita (current US$),NY.ADJ.NNTY.PC.CD,Puerto Rico,PRI,..
Adjusted net national income per capita (current US$),NY.ADJ.NNTY.PC.CD,Qatar,QAT,39482.8935919533
Adjusted net national income per capita (current US$),NY.ADJ.NNTY.PC.CD,Romania,ROU,10730.2096001358
Adjusted net national income per capita (current US$),NY.ADJ.NNTY.PC.CD,Russian Federation,RUS,8118.7255859375
Adjusted net national income per capita (current US$),NY.ADJ.NNTY.PC.CD,Rwanda,RWA,637.853548737843
Adjusted net national income per capita (current US$),NY.ADJ.NNTY.PC.CD,Samoa,WSM,3226.87400977944
Adjusted net national income per capita (current US$),NY.ADJ.NNTY.PC.CD,San Marino,SMR,..
Adjusted net national income per capita (current US$),NY.ADJ.NNTY.PC.CD,Sao Tome and Principe,STP,1633.95364235981
Adjusted net national income per capita (current US$),NY.ADJ.NNTY.PC.CD,Saudi Arabia,SAU,16855.2038217202
Adjusted net national income per capita (current US$),NY.ADJ.NNTY.PC.CD,Senegal,SEN,1298.93953649916
Adjusted net national income per capita (current US$),NY.ADJ.NNTY.PC.CD,Serbia,SRB,6310.02023993928
Adjusted net national income per capita (current US$),NY.ADJ.NNTY.PC.CD,Seychelles,SYC,8556.45762617378
Adjusted net national income per capita (current US$),NY.ADJ.NNTY.PC.CD,Sierra Leone,SLE,421.26723864825
Adjusted net national income per capita (current US$),NY.ADJ.NNTY.PC.CD,Singapore,SGP,42048.8213641677
Adjusted net national income per capita (current US$),NY.ADJ.NNTY.PC.CD,Sint Maarten (Dutch part),SXM,..
Adjusted net national income per capita (current US$),NY.ADJ.NNTY.PC.CD,Slovak Republic,SVK,15629.1878310939
Adjusted net national income per capita (current US$),NY.ADJ.NNTY.PC.CD,Slovenia,SVN,20263.1422555065
Adjusted net national income per capita (current US$),NY.ADJ.NNTY.PC.CD,Solomon Islands,SLB,2054.70279036136
Adjusted net national income per capita (current US$),NY.ADJ.NNTY.PC.CD,Somalia,SOM,232.507918255388
Adjusted net national income per capita (current US$),NY.ADJ.NNTY.PC.CD,South Africa,ZAF,4643.18872529411
Adjusted net national income per capita (current US$),NY.ADJ.NNTY.PC.CD,South Sudan,SSD,..
Adjusted net national income per capita (current US$),NY.ADJ.NNTY.PC.CD,Spain,ESP,22544.8941160394
Adjusted net national income per capita (current US$),NY.ADJ.NNTY.PC.CD,Sri Lanka,LKA,3314.91227852515
Adjusted net national income per capita (current US$),NY.ADJ.NNTY.PC.CD,St. Kitts and Nevis,KNA,..
Adjusted net national income per capita (current US$),NY.ADJ.NNTY.PC.CD,St. Lucia,LCA,6973.64698518604
Adjusted net national income per capita (current US$),NY.ADJ.NNTY.PC.CD,St. Martin (French part),MAF,..
Adjusted net national income per capita (current US$),NY.ADJ.NNTY.PC.CD,St. Vincent and the Grenadines,VCT,6386.72034276097
Adjusted net national income per capita (current US$),NY.ADJ.NNTY.PC.CD,Sudan,SDN,386.940734863281
Adjusted net national income per capita (current US$),NY.ADJ.NNTY.PC.CD,Suriname,SUR,3001.2577736845
Adjusted net national income per capita (current US$),NY.ADJ.NNTY.PC.CD,Sweden,SWE,44552.0795523668
Adjusted net national income per capita (current US$),NY.ADJ.NNTY.PC.CD,Switzerland,CHE,63781.7332073692
Adjusted net national income per capita (current US$),NY.ADJ.NNTY.PC.CD,Syrian Arab Republic,SYR,..
Adjusted net national income per capita (current US$),NY.ADJ.NNTY.PC.CD,Tajikistan,TJK,864.979978737239
Adjusted net national income per capita (current US$),NY.ADJ.NNTY.PC.CD,Tanzania,TZA,917.458801269531
Adjusted net national income per capita (current US$),NY.ADJ.NNTY.PC.CD,Thailand,THA,5581.84644050525
Adjusted net national income per capita (current US$),NY.ADJ.NNTY.PC.CD,Timor-Leste,TLS,1650.52978179438
Adjusted net national income per capita (current US$),NY.ADJ.NNTY.PC.CD,Togo,TGO,808.27514542991
Adjusted net national income per capita (current US$),NY.ADJ.NNTY.PC.CD,Tonga,TON,4604.98613698991
Adjusted net national income per capita (current US$),NY.ADJ.NNTY.PC.CD,Trinidad and Tobago,TTO,12016.8680500852
Adjusted net national income per capita (current US$),NY.ADJ.NNTY.PC.CD,Tunisia,TUN,3263.08152858724
Adjusted net national income per capita (current US$),NY.ADJ.NNTY.PC.CD,Turkiye,TUR,7163.95479231686
Adjusted net national income per capita (current US$),NY.ADJ.NNTY.PC.CD,Turkmenistan,TKM,..
Adjusted net national income per capita (current US$),NY.ADJ.NNTY.PC.CD,Turks and Caicos Islands,TCA,..
Adjusted net national income per capita (current US$),NY.ADJ.NNTY.PC.CD,Tuvalu,TUV,..
Adjusted net national income per capita (current US$),NY.ADJ.NNTY.PC.CD,Uganda,UGA,719.426779620128
Adjusted net national income per capita (current US$),NY.ADJ.NNTY.PC.CD,Ukraine,UKR,3328.54052734375
Adjusted net national income per capita (current US$),NY.ADJ.NNTY.PC.CD,United Arab Emirates,ARE,35542.1520612807
Adjusted net national income per capita (current US$),NY.ADJ.NNTY.PC.CD,United Kingdom,GBR,..
Adjusted net national income per capita (current US$),NY.ADJ.NNTY.PC.CD,United States,USA,53329.0188950558
Adjusted net national income per capita (current US$),NY.ADJ.NNTY.PC.CD,Uruguay,URY,12387.9936575171
Adjusted net national income per capita (current US$),NY.ADJ.NNTY.PC.CD,Uzbekistan,UZB,1375.45304485534
Adjusted net national income per capita (current US$),NY.ADJ.NNTY.PC.CD,Vanuatu,VUT,2831.75355023317
Adjusted net national income per capita (current US$),NY.ADJ.NNTY.PC.CD,"Venezuela, RB",VEN,..
Adjusted net national income per capita (current US$),NY.ADJ.NNTY.PC.CD,Vietnam,VNM,2251.85847773618
Adjusted net national income per capita (current US$),NY.ADJ.NNTY.PC.CD,Virgin Islands (U.S.),VIR,..
Adjusted net national income per capita (current US$),NY.ADJ.NNTY.PC.CD,West Bank and Gaza,PSE,..
Adjusted net national income per capita (current US$),NY.ADJ.NNTY.PC.CD,"Yemen, Rep.",YEM,..
Adjusted net national income per capita (current US$),NY.ADJ.NNTY.PC.CD,Zambia,ZMB,733.301290827308
Adjusted net national income per capita (current US$),NY.ADJ.NNTY.PC.CD,Zimbabwe,ZWE,934.384341087008
Adjusted net national income per capita (current US$),NY.ADJ.NNTY.PC.CD,Africa Eastern and Southern,AFE,1097.74528994154
Adjusted net national income per capita (current US$),NY.ADJ.NNTY.PC.CD,Africa Western and Central,AFW,1384.6621149534
Adjusted net national income per capita (current US$),NY.ADJ.NNTY.PC.CD,Arab World,ARB,4722.98517529364
Adjusted net national income per capita (current US$),NY.ADJ.NNTY.PC.CD,Caribbean small states,CSS,7312.51130351873
Adjusted net national income per capita (current US$),NY.ADJ.NNTY.PC.CD,Central Europe and the Baltics,CEB,13255.6739265005
Adjusted net national income per capita (current US$),NY.ADJ.NNTY.PC.CD,Early-demographic dividend,EAR,2691.77916725389
Adjusted net national income per capita (current US$),NY.ADJ.NNTY.PC.CD,East Asia & Pacific,EAS,8643.05564523778
Adjusted net national income per capita (current US$),NY.ADJ.NNTY.PC.CD,East Asia & Pacific (excluding high income),EAP,6097.42133815357
Adjusted net national income per capita (current US$),NY.ADJ.NNTY.PC.CD,East Asia & Pacific (IDA & IBRD countries),TEA,6165.18994079456
Adjusted net national income per capita (current US$),NY.ADJ.NNTY.PC.CD,Euro area,EMU,30675.8413087686
Adjusted net national income per capita (current US$),NY.ADJ.NNTY.PC.CD,Europe & Central Asia,ECS,19417.3581688286
Adjusted net national income per capita (current US$),NY.ADJ.NNTY.PC.CD,Europe & Central Asia (excluding high income),ECA,6030.34658064659
Adjusted net national income per capita (current US$),NY.ADJ.NNTY.PC.CD,Europe & Central Asia (IDA & IBRD countries),TEC,6882.68018690854
Adjusted net national income per capita (current US$),NY.ADJ.NNTY.PC.CD,European Union,EUU,27730.5861841506
Adjusted net national income per capita (current US$),NY.ADJ.NNTY.PC.CD,Fragile and conflict affected situations,FCS,1388.50406815326
Adjusted net national income per capita (current US$),NY.ADJ.NNTY.PC.CD,Heavily indebted poor countries (HIPC),HPC,801.200417465519
Adjusted net national income per capita (current US$),NY.ADJ.NNTY.PC.CD,High income,HIC,35526.5758742308
Adjusted net national income per capita (current US$),NY.ADJ.NNTY.PC.CD,IBRD only,IBD,4756.90435174074
Adjusted net national income per capita (current US$),NY.ADJ.NNTY.PC.CD,IDA & IBRD total,IBT,3807.41285609395
Adjusted net national income per capita (current US$),NY.ADJ.NNTY.PC.CD,IDA blend,IDB,1394.78966575287
Adjusted net national income per capita (current US$),NY.ADJ.NNTY.PC.CD,IDA only,IDX,1012.31634448877
Adjusted net national income per capita (current US$),NY.ADJ.NNTY.PC.CD,IDA total,IDA,1137.45343061178
Adjusted net national income per capita (current US$),NY.ADJ.NNTY.PC.CD,Late-demographic dividend,LTE,7282.78023570086
Adjusted net national income per capita (current US$),NY.ADJ.NNTY.PC.CD,Latin America & Caribbean,LCN,5870.00670208103
Adjusted net national income per capita (current US$),NY.ADJ.NNTY.PC.CD,Latin America & Caribbean (excluding high income),LAC,5537.33608091712
Adjusted net national income per capita (current US$),NY.ADJ.NNTY.PC.CD,Latin America & the Caribbean (IDA & IBRD countries),TLA,5793.83982048092
Adjusted net national income per capita (current US$),NY.ADJ.NNTY.PC.CD,Least developed countries: UN classification,LDC,936.914797202118
Adjusted net national income per capita (current US$),NY.ADJ.NNTY.PC.CD,Low & middle income,LMY,3669.71973618468
Adjusted net national income per capita (current US$),NY.ADJ.NNTY.PC.CD,Low income,LIC,583.605945347407
Adjusted net national income per capita (current US$),NY.ADJ.NNTY.PC.CD,Lower middle income,LMC,1903.52431775229
Adjusted net national income per capita (current US$),NY.ADJ.NNTY.PC.CD,Middle East & North Africa,MEA,5419.94276730477
Adjusted net national income per capita (current US$),NY.ADJ.NNTY.PC.CD,Middle East & North Africa (excluding high income),MNA,2453.83350523587
Adjusted net national income per capita (current US$),NY.ADJ.NNTY.PC.CD,Middle East & North Africa (IDA & IBRD countries),TMN,2456.05661210359
Adjusted net national income per capita (current US$),NY.ADJ.NNTY.PC.CD,Middle income,MIC,4039.19041064929
Adjusted net national income per capita (current US$),NY.ADJ.NNTY.PC.CD,North America,NAC,51453.1407464588
Adjusted net national income per capita (current US$),NY.ADJ.NNTY.PC.CD,Not classified,INX,..
Adjusted net national income per capita (current US$),NY.ADJ.NNTY.PC.CD,OECD members,OED,31361.0700318963
Adjusted net national income per capita (current US$),NY.ADJ.NNTY.PC.CD,Other small states,OSS,8905.66807843351
Adjusted net national income per capita (current US$),NY.ADJ.NNTY.PC.CD,Pacific island small states,PSS,3331.47016747148
Adjusted net national income per capita (current US$),NY.ADJ.NNTY.PC.CD,Post-demographic dividend,PST,36528.7173965598
Adjusted net national income per capita (current US$),NY.ADJ.NNTY.PC.CD,Pre-demographic dividend,PRE,1068.65478456048
Adjusted net national income per capita (current US$),NY.ADJ.NNTY.PC.CD,Small states,SST,8285.25938668402
Adjusted net national income per capita (current US$),NY.ADJ.NNTY.PC.CD,South Asia,SAS,1608.28597241419
Adjusted net national income per capita (current US$),NY.ADJ.NNTY.PC.CD,South Asia (IDA & IBRD),TSA,1608.28597241419
Adjusted net national income per capita (current US$),NY.ADJ.NNTY.PC.CD,Sub-Saharan Africa,SSF,1213.87614272923
Adjusted net national income per capita (current US$),NY.ADJ.NNTY.PC.CD,Sub-Saharan Africa (excluding high income),SSA,1213.25002646399
Adjusted net national income per capita (current US$),NY.ADJ.NNTY.PC.CD,Sub-Saharan Africa (IDA & IBRD countries),TSS,1213.87614272923
Adjusted net national income per capita (current US$),NY.ADJ.NNTY.PC.CD,Upper middle income,UMC,6912.13017160763
Adjusted net national income per capita (current US$),NY.ADJ.NNTY.PC.CD,World,WLD,8741.95366573991
,,,,
,,,,
,,,,
Data from database: World Development Indicators,,,,
Last Updated: 12/22/2022,,,,
